group,accuracy,balanced_accuracy,macro_f1,row_count
S010,0.5333333333333333,0.5297619047619048,0.5296167247386759,45.0
