subject,status,accuracy,balanced_accuracy,macro_f1,test_rows,reason
S001,ok,0.4666666666666667,0.47529644268774707,0.37788018433179726,45,
S002,ok,0.5555555555555556,0.5533596837944664,0.55,45,
S003,ok,0.4888888888888889,0.5,0.3283582089552239,45,
