model,n_components,status,accuracy,balanced_accuracy,macro_f1,auroc,reason
csp_lda,2,ok,0.4888888888888889,0.5,0.3283582089552239,0.4130434782608695,
csp_lda,4,ok,0.4888888888888889,0.4990118577075099,0.3630769230769231,0.450592885375494,
csp_lda,6,ok,0.5111111111111111,0.5207509881422925,0.4050480769230769,0.4090909090909091,
csp_lda,8,ok,0.4888888888888889,0.5,0.3283582089552239,0.5592885375494071,
csp_logreg,2,ok,0.4888888888888889,0.5,0.3283582089552239,0.41897233201581024,
csp_logreg,4,ok,0.4666666666666667,0.4772727272727273,0.3181818181818182,0.43478260869565216,
csp_logreg,6,ok,0.4888888888888889,0.5,0.3283582089552239,0.36363636363636365,
csp_logreg,8,ok,0.4888888888888889,0.5,0.3283582089552239,0.49604743083003955,
