group,accuracy,balanced_accuracy,macro_f1,row_count
S001,0.5,0.5,0.42233632862644416,30.0
S002,0.8666666666666667,0.875,0.8660714285714286,15.0
S003,0.6,0.625,0.55,15.0
