group,accuracy,balanced_accuracy,macro_f1,row_count
S010,0.5777777777777777,0.5863095238095238,0.5744151319064211,45.0
