group,accuracy,balanced_accuracy,macro_f1,row_count
S010,0.5777777777777777,0.5625,0.5454545454545454,45.0
