group,accuracy,balanced_accuracy,macro_f1,row_count
S003,0.4888888888888889,0.4990118577075099,0.3630769230769231,45.0
