group,accuracy,balanced_accuracy,macro_f1,row_count
S010,0.5111111111111111,0.5297619047619048,0.48004201680672265,45.0
