group,accuracy,balanced_accuracy,macro_f1,row_count
12,0.43333333333333335,0.4369047619047619,0.41817363922627077,30
4,0.48333333333333334,0.4507936507936508,0.4469052102950408,60
8,0.6,0.5150793650793651,0.513235294117647,30
