group,accuracy,balanced_accuracy,macro_f1,row_count
S001,0.4666666666666667,0.4777777777777778,0.4595704948646125,60
S002,0.6,0.5150793650793651,0.513235294117647,30
S003,0.4666666666666667,0.39484126984126977,0.38779956427015244,30
