group,accuracy,balanced_accuracy,macro_f1,row_count
S003,0.4888888888888889,0.5,0.3283582089552239,45.0
