group,accuracy,balanced_accuracy,macro_f1,row_count
S010,0.5555555555555556,0.5446428571428572,0.537037037037037,45.0
