group,accuracy,balanced_accuracy,macro_f1,row_count
S001,0.5111111111111111,0.5,0.3382352941176471,45.0
S002,0.5111111111111111,0.5,0.3382352941176471,45.0
S006,0.4666666666666667,0.4494047619047619,0.41810344827586204,45.0
S009,0.4666666666666667,0.5,0.3181818181818182,45.0
