group,accuracy,balanced_accuracy,macro_f1,row_count
S010,0.5333333333333333,0.5535714285714286,0.49760765550239233,45.0
