group,accuracy,balanced_accuracy,macro_f1,row_count
S010,0.4666666666666667,0.49404761904761907,0.37788018433179726,45.0
