group,accuracy,balanced_accuracy,macro_f1,row_count
S001,0.4666666666666667,0.4777777777777778,0.46352413019079686,60
S002,0.6333333333333333,0.5626984126984127,0.5549019607843136,30
S003,0.4666666666666667,0.39484126984126977,0.38779956427015244,30
