group,accuracy,balanced_accuracy,macro_f1,row_count
12,0.43333333333333335,0.4369047619047619,0.42782446311858074,30
4,0.48333333333333334,0.4507936507936508,0.4479365079365079,60
8,0.6333333333333333,0.5626984126984127,0.5549019607843136,30
