group,accuracy,balanced_accuracy,macro_f1,row_count
S010,0.4444444444444444,0.4494047619047619,0.44334487877288475,45.0
