group,accuracy,balanced_accuracy,macro_f1,row_count
S010,0.6222222222222222,0.6160714285714286,0.6153846153846154,45.0
