group,accuracy,balanced_accuracy,macro_f1,row_count
S010,0.4666666666666667,0.48214285714285715,0.4444444444444444,45.0
