group,accuracy,balanced_accuracy,macro_f1,row_count
S003,0.4666666666666667,0.4772727272727273,0.3181818181818182,45.0
