group,accuracy,balanced_accuracy,macro_f1,row_count
S010,0.4888888888888889,0.5148809523809523,0.41492368569813454,45.0
