group,accuracy,balanced_accuracy,macro_f1,row_count
S002,0.6666666666666666,0.6666666666666666,0.6666666666666666,6.0
